URL,Ignored (Yes/No),Landing page (Yes/No),Tag status
www.teleios.ae/about-us/our-story/,No,No,Not tagged
www.teleios.ae/about-us/our-team/,No,No,Not tagged
www.teleios.ae/contacts/contact-us/,No,No,Not tagged
www.teleios.ae/experiences/brand-activation/,No,No,Not tagged
www.teleios.ae/experiences/exhibitions/,No,No,Not tagged
www.teleios.ae/privacy-policy/,No,No,Not tagged
www.teleios.ae/racing/teleios-racing-team/,No,No,Not tagged
www.teleios.ae/simulators/factory/,No,No,Not tagged
www.teleios.ae/simulators/teleios-simulators/hydra-simulator/,No,No,Not tagged
www.teleios.ae/simulators/teleios-simulators/volo-simulator/,No,No,Not tagged
www.teleios.ae/teleios-venues/teleios-dome/,No,No,Not tagged
www.teleios.ae/teleios-venues/teleios-x/,No,No,Not tagged
www.teleios.ae/teleios-venues/venue-setup/,No,No,Not tagged
www.teleios.ae/terms-of-service/,No,No,Not tagged
www.teleios.ae/,No,No,Tagged
teleios.ae/simulators/teleios-simulators/volo-simulator/,No,No,Tagged
teleios.ae/,No,No,Tagged
